{
  "accuracy": 0.7280683899857521,
  "macro_f1": 0.7231056765067582,
  "f1_per_class": {
    "SUPPORTS": 0.8018933593206181,
    "REFUTES": 0.7417197947442078,
    "NOT ENOUGH INFO": 0.6257038754554488
  },
  "confusion_matrix": [
    [
      2880,
      137,
      259
    ],
    [
      275,
      2385,
      610
    ],
    [
      752,
      639,
      1889
    ]
  ],
  "classification_report": {
    "SUPPORTS": {
      "precision": 0.7371384694138725,
      "recall": 0.8791208791208791,
      "f1-score": 0.8018933593206181,
      "support": 3276.0
    },
    "REFUTES": {
      "precision": 0.7545080670673837,
      "recall": 0.7293577981651376,
      "f1-score": 0.7417197947442078,
      "support": 3270.0
    },
    "NOT ENOUGH INFO": {
      "precision": 0.6849166062364032,
      "recall": 0.5759146341463415,
      "f1-score": 0.6257038754554488,
      "support": 3280.0
    },
    "accuracy": 0.7280683899857521,
    "macro avg": {
      "precision": 0.7255210475725531,
      "recall": 0.728131103810786,
      "f1-score": 0.7231056765067582,
      "support": 9826.0
    },
    "weighted avg": {
      "precision": 0.7254868179895779,
      "recall": 0.7280683899857521,
      "f1-score": 0.7230546596215933,
      "support": 9826.0
    }
  },
  "macro_f1_bootstrap_ci": {
    "observed": 0.7231056765067582,
    "lower": 0.714809679223469,
    "upper": 0.7316670347459003
  },
  "ece": 0.12768145799090902,
  "mcnemar_vs_baseline": {
    "table": [
      [
        4551,
        2603
      ],
      [
        442,
        2230
      ]
    ],
    "statistic": 1532.2167487684728,
    "pvalue": 0.0,
    "exact": false
  },
  "macro_f1_diff_vs_baseline_ci": {
    "observed": 0.23886757723618574,
    "lower": 0.22889449433556508,
    "upper": 0.25034033109701914
  }
}